{
  "exp1": {
    "capsnet": {
      "train_loss": [
        0.09281697929001008,
        0.029966102363780524,
        0.0224236289325815,
        0.01811128864900615,
        0.014959191272640202,
        0.012506851892615868,
        0.01070501799416593
      ],
      "train_acc": [
        0.9277677617521367,
        0.9898170405982906,
        0.9939236111111112,
        0.9958767361111112,
        0.9971287393162394,
        0.9982138087606838,
        0.9988982371794872
      ],
      "test_loss": [
        0.03489802358448505,
        0.02527631820142269,
        0.021137984907627107,
        0.020392956697940827,
        0.017028038679063322,
        0.015888169874995948,
        0.015149460407346486
      ],
      "test_acc": [
        0.9881,
        0.9926,
        0.9933,
        0.993,
        0.9926,
        0.9939,
        0.994
      ]
    },
    "vit": {
      "train_loss": [
        0.6777567649817365,
        0.2189298718690108,
        0.15541240038811907,
        0.12792326420800298,
        0.1063658034779195,
        0.09585533962927313,
        0.08755234686426945
      ],
      "train_acc": [
        0.7754907852564102,
        0.9348791399572649,
        0.9526075053418803,
        0.9610042735042735,
        0.9671140491452992,
        0.9696013621794872,
        0.9733573717948718
      ],
      "test_loss": [
        0.2550293499827385,
        0.18059471565485,
        0.113640109577775,
        0.10516617809832096,
        0.09578465099520982,
        0.09611219954565167,
        0.10649237226098776
      ],
      "test_acc": [
        0.9243,
        0.9448,
        0.9657,
        0.9688,
        0.9702,
        0.9707,
        0.9682
      ]
    }
  },
  "exp2": {
    "fractions": [
      0.1,
      0.25,
      0.5,
      1.0
    ],
    "capsnet": [
      0.9829,
      0.99,
      0.9924,
      0.9942
    ],
    "vit": [
      0.9052,
      0.9454,
      0.9646,
      0.9727
    ]
  },
  "exp3": {
    "sigmas": [
      0.0,
      0.1,
      0.2,
      0.3,
      0.4,
      0.5
    ],
    "capsnet": [
      0.994,
      0.9937,
      0.971,
      0.8198,
      0.546,
      0.3448
    ],
    "vit": [
      0.9682,
      0.9581,
      0.844,
      0.5728,
      0.3772,
      0.2673
    ]
  },
  "viz": {
    "class_support": [
      6.378528118133545,
      6.377359390258789,
      6.365396022796631,
      6.388326644897461,
      6.376911640167236,
      6.3796916007995605,
      6.378884315490723,
      6.598112106323242,
      6.377350330352783,
      6.3794403076171875
    ],
    "attn_sparsity": 0.0
  }
}